bids_name	cjv	cnr	efc	fber	fwhm_avg	fwhm_x	fwhm_y	fwhm_z	icvs_csf	icvs_gm	icvs_wm	inu_med	inu_range	qi_1	qi_2	rpve_csf	rpve_gm	rpve_wm	size_x	size_y	size_z	snr_csf	snr_gm	snr_total	snr_wm	snrd_csf	snrd_gm	snrd_total	snrd_wm	spacing_x	spacing_y	spacing_z	summary_bg_k	summary_bg_mad	summary_bg_mean	summary_bg_median	summary_bg_n	summary_bg_p05	summary_bg_p95	summary_bg_stdv	summary_csf_k	summary_csf_mad	summary_csf_mean	summary_csf_median	summary_csf_n	summary_csf_p05	summary_csf_p95	summary_csf_stdv	summary_gm_k	summary_gm_mad	summary_gm_mean	summary_gm_median	summary_gm_n	summary_gm_p05	summary_gm_p95	summary_gm_stdv	summary_wm_k	summary_wm_mad	summary_wm_mean	summary_wm_median	summary_wm_n	summary_wm_p05	summary_wm_p95	summary_wm_stdv	tpm_overlap_csf	tpm_overlap_gm	tpm_overlap_wm	wm2max
sub-S01_ses-1_T1w	0.39101115804060915	3.338308167869779	0.5413190215995315	11296.65306122449	3.7882366666666667	3.76878	3.76804	3.82789	0.18966846083864258	0.42398162984523674	0.3863499093161207	1.0811623334884644	0.25617622137069707	0.0	0.013265855660519636	37.73353513669967	17.915738318940885	23.39499889687048	192	256	256	3.9268037295589977	14.29296786257203	14.314259886586152	24.723008067627433	47.48073703178582	99.92615696853757	92.22353375297962	129.26370725861545	1.0	1.0	1.0	17.58722945973454	5.068215767260155	7.399493394802529	6.903947792947292	2382185.0	0.0	20.912929236888885	7.816771017120207	2.147121418096577	75.62572938990154	387.8302231277347	367.31683403253555	13576.0	270.5107505377382	574.2509391177446	93.53747498249673	0.20467857768673303	51.57654869035335	774.2934568927709	773.0410669520497	11575.0	685.8837532125414	863.7978175505996	54.083076444349786	0.6212882951320449	37.16691562657447	1000.0330174166505	999.9999720677733	165656.0	933.2394671961665	1066.5593910813332	40.448029261848596	0.16035519540309906	0.4230484068393707	0.4866146743297577	0.38771797603887836
sub-S02_ses-1_T1w	0.39531688603089893	3.2408762004125515	0.5657891736178741	12847.350591715978	3.7283500000000003	3.65954	3.74559	3.77992	0.18739234832758686	0.39809043332029764	0.41451721835211547	1.546829104423523	0.3843232512474062	0.0	0.011976308857300886	27.73303704098563	13.723381441838798	16.60304737107787	192	256	256	3.4274287704488837	12.642812911554454	14.092457600969425	26.20713112090494	48.668288649461786	101.19795290346251	93.9374790554914	131.9461956135499	1.0	1.0	1.0	8.645951319522863	4.965434202697849	6.088411753930609	3.349134474992752	2625310.0	0.0	16.74567237496376	5.876579684363497	1.5905317752666503	98.27740156570434	393.2526676817619	368.8685185611248	17568.0	258.1074889585376	599.6316126599907	107.61945610216378	0.40169558351969226	56.83512379703384	766.5169158361296	767.0033199191093	13521.0	664.4167546927929	865.7254992127419	60.66489802156288	0.9837167403738758	35.29277848686779	1000.5569975056839	1000.0515542328358	253019.0	939.251882225275	1062.809181779623	38.159444976222694	0.1906154453754425	0.43017706274986267	0.5103369355201721	0.4018381200650789
sub-S03_ses-1_T1w	0.4016450839345953	3.242813661219138	0.5506762057736714	12627.171893579074	3.8453166666666667	3.78982	3.9092	3.83693	0.1968831315835404	0.4203900383798638	0.38272683003659586	0.9575591683387756	0.25346999764442457	0.0	0.0130477254666431	31.934735406214557	15.897643013217753	21.08639028115659	192	256	256	3.2252238202583032	12.868068226401455	13.84444707979676	25.44004919273052	50.86604008440919	101.49590144604198	94.884166986382	132.29055942869485	1.0	1.0	1.0	17.82068510083974	4.952253489005635	6.040625031908385	3.3402442187070847	2383856.0	0.0	19.75351322442293	7.2959646282747705	-0.469340219326714	131.10664193738194	407.36251506337817	384.5024228654802	13092.0	248.2463744301349	616.185793204233	119.21273045836385	-0.03349273435523514	58.146286655393745	766.3689031684067	767.219542786479	13691.0	666.4651072584093	864.1730107553303	59.61978982834547	0.8201249763808969	35.34884386979884	998.5375113316916	1000.0000105798244	183990.0	930.6611478328705	1060.2395873516798	39.3079936859106	0.174815833568573	0.43991732597351074	0.5088955760002136	0.41729350412150634
sub-S04_ses-1_T1w	0.37567695591967665	3.594256008115812	0.563396018342926	10608.999999999998	3.995563333333333	3.91292	4.07595	3.99782	0.1683100869375467	0.42303349416006797	0.40865641890238535	0.9140596985816956	0.2689081132411957	0.0	0.016655781408368056	31.9828821452331	14.185992545993415	17.61679018331581	192	256	256	2.8282868048133794	15.222710067306755	15.198218826532878	27.5436596074785	45.413497576909876	91.55677124638693	85.06243354189002	118.21703180237323	1.0	1.0	1.0	8.957968528895192	5.541810310469487	5.254290609841453	3.7378942519426346	2266395.0	0.0	15.064846530556679	5.51517389076618	15.52037088042687	138.3773241159654	420.47684571918927	384.1535865291953	16726.0	257.3483557701111	639.8595342189074	135.82148103871646	-0.014010981347192253	50.464060554426695	774.0259765673194	774.4803620502353	24995.0	689.4149504378438	857.9600003436208	50.8756237072912	0.5468902996051459	34.25846373744774	999.1276920707318	999.9999819174409	243509.0	938.0415529534221	1056.9179171174765	36.30592095800001	0.172622412443161	0.43105053901672363	0.503920316696167	0.4003128684138932
sub-S05_ses-1_T1w	0.4522348480007588	2.9993833256319435	0.5525819642395117	9360.92622533778	3.800333333333333	3.84903	3.76762	3.78435	0.18902842566592204	0.4286484144358132	0.38232315989826476	1.0664526224136353	0.31224515438079836	0.0	0.006782858197640236	35.08218379039292	16.650628698868434	22.195782731732415	192	256	256	3.3165392358135595	15.107784458767119	13.489642766773827	22.0446046057408	41.230300700688154	85.54718553765113	78.29569139697983	108.10958795260021	1.0	1.0	1.0	14.537272943198627	6.059928576141569	5.548326029641364	4.148365080356598	2307454.0	0.0	16.532454952597618	6.37000677231276	-0.1571203315841383	107.8576839858033	411.8116201389827	381.3750632330775	12458.0	268.05759063363075	628.6084712170064	114.98725912109228	0.05473876478172812	52.052073068201096	789.2543245996235	791.300639078021	13870.0	698.4169147677719	871.8887313008308	52.37512588993921	0.41199988247716357	42.329053337824696	998.9009564643668	1000.0000058412552	172053.0	919.8999565690756	1071.0712605267763	45.36244208686478	0.17551985383033752	0.43377792835235596	0.4991971552371979	0.39029500702397674
sub-S06_ses-1_T1w	0.35778557289921775	3.672652202564086	0.560368591213886	15574.582021715343	4.00305	3.98214	4.00886	4.01815	0.1815373347320858	0.41865574763960517	0.399806917628309	0.8802996873855591	0.2520806729793549	0.0	0.015779047254011476	28.241488456700182	13.355446059823747	17.292475924647157	192	256	256	3.348239862166074	13.923214784959576	15.023686128403895	27.79960373808603	60.063920015033744	107.91580706820936	103.38450010078306	142.17377321910607	1.0	1.0	1.0	15.898793630206953	4.608257716953797	5.71452565952025	3.108222596347332	2396956.0	0.0	15.710652396082878	6.220446725832672	16.6391116204606	140.92889963484157	440.0726631422456	422.4922205507755	11101.0	266.8550381809473	637.7507636323571	126.17769575867645	0.17159411771626143	53.372003012719425	759.0577417415242	759.0844711661339	19280.0	669.1692427676171	847.3579929023981	54.51792540974354	1.063975960118574	32.844309546288876	999.224938102486	1000.0564920902252	240352.0	939.5874343067408	1055.8914725482464	35.97369304650174	0.16440163552761078	0.4398779273033142	0.5040168166160583	0.3954590149280415
sub-S07_ses-1_T1w	0.5118507659126483	2.58321539081387	0.6228262085981341	2353.982461734694	3.9311899999999995	3.83466	3.88984	4.06907	0.220102436846677	0.3933759913956462	0.38652157175767676	1.323351502418518	0.32972973585128784	0.0001540124665938123	0.0056269183319084546	26.613802501996275	14.210144844485297	17.140882577937337	192	256	256	3.7933517234614422	11.812755158937621	10.160516156938849	14.875441588417484	23.924237140985316	52.79912551121016	48.977295757621356	70.20852462066858	1.0	1.0	1.0	13.353921272948313	9.33181394868365	17.384991505346107	6.294212859123945	2138910.0	0.0	69.45914544537663	25.351099747289517	0.5537440508829437	80.84819341381674	353.7407332919439	340.778710372746	44073.0	227.14867291599512	522.4419477067888	89.83476068722581	0.10164072625840381	62.10198309212481	752.9160699572233	752.0748851671815	12290.0	647.69121350348	858.9205409757791	63.66374968419817	0.3814650904272794	64.82720309483774	1005.1771370100091	1000.0557316169143	191674.0	904.194312762469	1124.7702678255737	67.22846625615202	0.15617826581001282	0.39992618560791016	0.4575299620628357	0.4201928477813144
sub-S08_ses-1_T1w	0.3940947350288022	3.3258371013376813	0.5620419249413856	12968.732266783549	3.812286666666667	3.70506	3.89501	3.83679	0.1747536525272187	0.4277471691794377	0.39749917829334364	0.8705564141273499	0.2607954144477844	0.0	0.016420851031545305	33.18503598496911	14.905990996827773	19.01096802058557	192	256	256	3.594901218292373	14.171793696228347	14.462252985961683	25.62006404336433	45.16727606386878	100.71117859294618	91.91288628048528	129.86020418464088	1.0	1.0	1.0	15.449199763196582	5.045231553254519	5.262858267868305	3.40295697003603	2137716.0	0.0	17.073456522077322	6.0855879247040825	1.9586879637775647	74.50415216142234	371.34609864387375	347.8350068423897	14086.0	260.63423448521644	577.8719644332305	96.75444154609923	0.17401348135846684	52.88794455825427	774.5762749136185	775.5808308087289	19260.0	683.1113423151895	863.1189652793109	54.72565524691569	0.9070537099633862	35.57758112553618	999.3463623495018	1000.0586474873126	206608.0	934.2877032905817	1061.605231307447	39.03410333432222	0.18656957149505615	0.43723779916763306	0.5105411410331726	0.38097047450883975
sub-S09_ses-1_T1w	0.39704523572867745	3.3839044786109183	0.5656683866084942	8823.215512055163	3.9063433333333335	3.84043	3.95137	3.92723	0.19847777382077209	0.42586959540178115	0.37565263077744676	1.4347845315933228	0.4985459566116335	2.3594803076088183e-06	0.008478195600450019	27.668904392570337	13.780709059214105	18.10537251753987	192	256	256	3.5992604331399787	14.691768158999892	13.154878400787576	21.173606610222862	40.29002367228748	82.80156758011127	77.27298861065674	108.72737457957149	1.0	1.0	1.0	10.405177620208185	6.025831743436744	6.720453307520281	4.064361747354269	2655144.0	0.0	20.377484925091267	6.93448310805632	8.2317562286745	100.54058991104047	389.03499309137493	370.58070945739746	22080.0	258.17048523947597	580.5439670400692	102.95790606788134	0.2019505975585223	50.10520367487813	758.9832887349329	761.5945800282061	17617.0	669.1721074171364	839.4410265371204	51.836712650799484	0.49216203913550016	44.5746457733677	999.7896598432076	1000.0556946024299	209078.0	921.1068595647812	1076.3320726007223	47.23112700750508	0.16569580137729645	0.43117251992225647	0.49564552307128906	0.3782465526302315
sub-S10_ses-1_T1w	0.4459558613026863	2.8032784826070123	0.5660376148756013	21362.130193905818	3.7984999999999993	3.78164	3.79664	3.81722	0.1735608227791419	0.438686695072828	0.38775248214803015	1.133914589881897	0.29933563470840463	0.0	0.010634168498367689	30.08309296222281	13.39260184786561	18.009141123385717	192	256	256	3.0906432591210455	11.372105195323211	13.481320766999088	25.981213846553008	62.414003412691414	131.053127275065	120.56164158568782	168.21779406930705	1.0	1.0	1.0	11.454451450773716	3.894572524255058	5.75334469650215	5.1615283489227295	2622693.0	0.0	16.360201463103294	6.071918657561063	37.82164269658849	92.78648224453279	396.3454182440005	371.03093515336514	15725.0	267.4777726531029	585.7689484983682	120.04592778051656	0.5024541086878545	62.51813788935752	784.0478333506369	779.0681851655245	27687.0	680.3816065371037	909.0741804540157	68.50570782209914	0.6118385868702081	36.007714390919574	1000.4817437127373	1000.0000325292349	224871.0	938.3382027894258	1064.0582861453295	38.48926439448615	0.19172485172748566	0.44746434688568115	0.5092417001724243	0.42633998742533796
sub-S11_ses-1_T1w	0.3540139951587375	3.5026147428423564	0.535390349557407	15196.340393066408	3.7784166666666668	3.71253	3.79357	3.82915	0.19283929163313224	0.41763510706561435	0.38952560130125335	1.4315812587738037	0.34982141852378845	0.0	0.017984211774286562	32.01863546500312	15.75730947071077	20.4933183906464	192	256	256	3.2978641451859705	13.588490724626416	14.66369013639684	27.10471553937813	56.30207908419985	110.47069291154548	103.79757261785744	144.619945857827	1.0	1.0	1.0	21.065167562154343	4.53005542241795	4.347656004273826	3.055475950241089	2694666.0	0.0	12.412871047854424	4.887100878266367	-0.1379260030062066	130.345266568479	415.3834932911429	389.310603691265	14012.0	256.4952705698088	612.9093788936734	118.04510260648618	0.5494890419186742	50.89234138622666	762.3926835331656	763.8689875602722	13616.0	666.33246621117	853.3490781811997	56.21234558763391	1.0751127419038893	32.70133758057958	997.6251099557716	999.9999883398414	193728.0	931.936874457635	1053.0888829752803	36.89385361545327	0.17685088515281677	0.4457506239414215	0.5148903727531433	0.4392207846673237
sub-S13_ses-1_T1w	0.43955853037569864	2.874159138761772	0.554925501566969	19166.864197530864	3.82611	3.75129	3.89843	3.82861	0.19210989738634449	0.41860192049326217	0.38928818212039334	1.4227215051651	0.40018327236175555	0.0	0.013173721309808192	28.69920456450883	13.931208982456141	17.93657713785332	192	256	256	3.019490790219216	11.888421832614517	13.332525999048931	25.08966537431306	54.58457364662109	121.36511179067679	110.58585023991388	155.80786528244371	1.0	1.0	1.0	11.077142878101697	4.204770999167582	5.5537384133597545	2.8360749408602715	3101181.0	0.0	16.60392965376377	5.848200522218834	86.9242908921101	89.59984747317102	376.81110203442125	350.3326026946306	18184.0	251.43093475699425	575.3390537526457	116.02054581730997	0.25022753697769184	60.39580162440709	784.1611308064998	778.9408737570047	19362.0	683.958145737648	902.9546961709857	65.51927322798872	0.6975250509444058	36.772633647265586	1000.0892195454079	1000.0000241473317	206858.0	934.667170509696	1065.6422677785158	39.85695273764388	0.17905820906162262	0.4298339784145355	0.5037438273429871	0.4221100058768474
sub-S14_ses-1_T1w	0.4262697627068615	3.148329044910087	0.5884470827446258	8657.242469155584	3.9316633333333333	3.90299	3.95379	3.93821	0.19366746247385588	0.4153164485970284	0.3910160889291157	1.5094412565231323	0.4432342290878295	0.0	0.01378635562383253	27.86733305375116	13.59693620194311	17.224683566127336	192	256	256	3.4414019321207965	14.01565204705002	12.87890745916656	21.17966839832886	37.85648858862479	80.38910372277121	74.20088043545611	104.35704899497235	1.0	1.0	1.0	11.997573978933325	6.2781719300616015	7.902933533501363	4.234562616795301	2387648.0	0.0	24.603344824165106	8.480536533634098	0.6480028844669237	96.07987168917057	381.0988399816255	362.7787315249443	22994.0	242.71012061834335	585.8892594745382	105.4136802508178	0.48234798603397033	52.76843242482156	770.0998406076292	770.3687839061022	15799.0	681.223200513795	859.5679693568497	54.96315124207155	0.3441458890018314	45.13926147183531	1001.5052205500232	1000.053604323417	220756.0	926.1363657340407	1081.5287331528962	47.21751636745393	0.1671881228685379	0.4310949444770813	0.4987301230430603	0.39286542325121054
sub-S15_ses-1_T1w	0.38099536026513614	3.4479026403404736	0.5637525745744365	16576.021538026973	3.8551033333333335	3.87837	3.79105	3.89589	0.1851979862995638	0.41196337546521	0.4028386382352262	1.5351005792617798	0.37006175518035866	0.0	0.017522597329250718	32.116931401820175	15.477334708761752	19.470009356750637	192	256	256	3.408050200643323	13.843846231224399	14.103165050976386	25.05759872106144	53.960405999875555	113.60733619224706	105.40473632731766	148.64646678983036	1.0	1.0	1.0	11.601786777407936	4.407345809096628	5.686798443127645	2.972709573805332	2201349.0	0.0	17.202729173004627	5.805699204801872	0.9969039880231105	97.32286565333045	385.3338121138233	363.01169861108065	16216.0	252.18080109916627	592.2027334570885	106.51266385690116	0.20122715555155235	53.82742012749161	761.3948568773397	764.2787581309676	16065.0	667.3879192024469	847.7485443279146	55.205392917528734	0.7958271787062241	35.98128217918231	1000.2344556149121	1000.0000074505806	210899.0	934.9902603775263	1066.2768110632896	39.907959568533904	0.17029982805252075	0.4204394519329071	0.5033144354820251	0.4400600471799271
sub-S16_ses-1_T1w	0.40943677874912177	3.288671880062538	0.5108129060933164	22450.027777777777	3.71756	3.72504	3.65773	3.76991	0.18244693433802808	0.43740998057243247	0.3801430850895395	1.0599145889282227	0.2899979889392854	0.020675041559076165	0.015320768315565668	39.88080797140691	18.333850454001528	24.67731430373758	192	256	256	3.216243724634859	14.208984810263612	13.655224194104784	23.54044404741588	30.321102094867783	65.03372454390464	59.86022063317069	84.22583526073966	1.0	1.0	1.0	9.615181951597918	7.778330319485588	5.951632258353821	5.2464040741324425	2786717.0	0.0	15.97500566393137	6.592640883830153	0.5082761870641792	92.90297898441776	392.06288622808415	359.99763686209917	9667.0	263.8882300928235	624.1865035928785	111.9252915125554	0.001061579555445391	53.61804102252144	771.1948668947767	772.1350984834135	15748.0	680.3819755464792	859.879732914269	54.33960223520622	0.47217563978884236	39.678224326364685	998.723555997341	999.9999855458736	158437.0	926.5503285080194	1066.6116327792406	42.479947604141024	0.180438831448555	0.44138529896736145	0.5099689364433289	0.37565879799813984
sub-S17_ses-1_T1w	0.5041088551136631	2.721165933407535	0.5240297459382312	10554.626989795917	3.8104799999999996	3.71289	3.90452	3.81403	0.17123528426931	0.42138429842011554	0.40738041731057445	1.1922435760498047	0.37271302938461304	0.0	0.0056573833816266645	34.00927628143765	15.170309607202348	18.819454880283566	192	256	256	3.4159560087659155	13.006732117751081	12.791223162083506	21.950981359733525	42.82475318353854	88.78687404576499	81.23278285428977	112.08672133356579	1.0	1.0	1.0	12.714654223586964	5.844906258232565	6.9249829406589	3.9423293620347977	3529595.0	0.0	19.599008828401566	7.181246054372896	1.4355676198200484	110.2182322980998	403.25302214251457	382.0680341720581	10657.0	255.00112693458794	607.918451423943	111.84280684144242	-0.11887831528049686	61.78900901560141	792.8961053081396	792.1266068145633	14873.0	695.0664579212666	894.1991458967328	60.89923045320589	0.5200701318714454	43.0018103284253	1000.598689636255	1000.0000021755695	208163.0	926.453031977266	1075.7490449175239	45.5559404757735	0.186025470495224	0.43173494935035706	0.510532796382904	0.36878308508546503
sub-S19_ses-1_T1w	0.3831466046496425	3.4637251331370886	0.5271543790460692	9813.575459813555	3.8133033333333337	3.86616	3.71858	3.85517	0.19602716949575807	0.42191942777874686	0.3820534027254951	0.9082080721855164	0.3044354885816575	0.0	0.00819352232333244	32.63820705489459	15.794450112377538	20.502064509781416	192	256	256	4.1376186700280035	15.511730706178604	13.961424730055596	22.234924813960177	40.47860002523371	88.54760572471233	81.47391780763432	115.39554767295695	1.0	1.0	1.0	12.383688257992754	5.67731083750752	6.255305650070126	3.8292879685759544	3223346.0	0.0	19.022914424538612	6.500035625869841	5.040432444462189	66.98311092962501	368.34086224550117	350.7813067343086	23178.0	266.69137819856405	535.3684274969621	84.77672001916085	0.4823179512842417	47.02095346871147	764.8946862034702	767.3398987352848	14386.0	678.478800916113	841.6404378674924	49.46664193253647	0.701341762483136	42.12198363312031	998.5494212398204	1000.0000241808593	183770.0	922.2407733350992	1068.4331059418619	44.97417066852189	0.16593338549137115	0.4099844694137573	0.4825500547885895	0.3636220720012577
sub-S20_ses-1_T1w	0.47368797913126764	2.747429972704755	0.5447589583121	12184.507942789303	3.6830266666666667	3.66622	3.71663	3.66623	0.17914578066809672	0.41453496724721406	0.4063192520846892	1.197852611541748	0.35395445823669425	0.0	0.006908001073455886	29.534130414745455	13.788973487529262	16.914674770061655	192	256	256	2.3769082119647784	12.650318391421614	12.556192811056121	22.641351829781968	44.12232451213369	93.37906302018607	85.27568045158992	118.32565382245	1.0	1.0	1.0	8.52121823206472	5.537031543707338	6.686622768389636	3.7346710227429867	3634175.0	0.0	18.673355113714933	6.812445334772458	13.36181781639469	120.98827134309764	411.31271108776735	372.90968868881464	14530.0	252.8929695982486	636.7641964456066	156.88315357991712	0.3902244078059738	58.22147347077342	789.9632017308026	789.2140250075608	17852.0	687.5445740832016	895.1198191815988	62.385142881021096	0.5411624708901828	41.6516999705746	1000.5851466050902	1000.0557137168944	236102.0	929.2084470018744	1074.0802378691733	44.16934127371482	0.18165594339370728	0.4305308759212494	0.506178081035614	0.36415117317528617
sub-S21_ses-1_T1w	0.3987819813365068	3.3164363503604615	0.5411014122174772	8613.992018483512	3.819316666666667	3.77483	3.80212	3.881	0.18533724928294185	0.42904536572662166	0.38561738499043646	1.3777742385864258	0.3251968383789059	0.0	0.013342280483254202	36.12698334781893	17.05837521006906	22.546547282324752	192	256	256	3.520303770008486	14.193619867089755	13.691550167996022	23.360726866889827	43.9321132390262	83.56707662624677	78.68074974557958	108.54305937146576	1.0	1.0	1.0	9.432842235300647	6.035727783687108	6.170413691908666	4.071036525070667	2650022.0	0.0	16.57914874702692	6.276062894433773	-0.4029088304227355	135.14781776516784	418.6571300178192	404.7436313331127	13631.0	257.06530637294054	608.7379615567625	114.96984665627882	0.2104918192242442	52.0472178448381	770.6578463900341	769.8979074731469	19116.0	682.5181235074997	861.7174812722951	54.24111515544511	0.6086129149374977	39.713339330347054	997.8919630450695	999.9999719336629	182955.0	922.7092784866691	1063.8562448479229	42.80676901517477	0.1724172830581665	0.4398207366466522	0.5042610764503479	0.41386467413864675
sub-S22_ses-1_T1w	0.5229257494597037	2.6075508712813593	0.5875254659522665	14530.387282732117	3.86812	3.82151	3.93301	3.84984	0.17382585379707527	0.394861963083301	0.4313121831196237	1.1342846155166626	0.3589532852172852	0.0	0.027130061349356516	26.738717253220354	12.366730507303396	13.791687533511324	192	256	256	3.1200421215830807	13.355761111515992	13.17441051435761	23.04742830997376	47.99013648293251	104.7262168801451	94.22941670085186	129.97189673947793	1.0	1.0	1.0	4.9436720503487415	5.040923726677578	5.32547510784164	3.400051385164261	2318647.0	0.0	13.792661279439926	5.174410404318457	5.488826114231573	110.71009845005096	398.03616694462215	369.25841081142426	21967.0	256.370289632678	610.0846919417381	118.347763101525	0.03576501023016121	60.58619648855881	806.3263027525464	805.8121782839298	18981.0	708.2371187210083	905.8891624510288	60.332836479015846	0.5896410323901216	40.99317219241578	1001.620335527462	1000.0641706287861	269439.0	933.2820292711258	1075.2502125799656	43.39149259301984	0.17203521728515625	0.4169587194919586	0.4824811518192291	0.3815689634071717
sub-S23_ses-1_T1w	0.4782948570134995	2.762522647428489	0.5713463015897804	11287.230677764564	3.8715433333333333	3.76964	3.96554	3.87945	0.19853202627282882	0.3982187864201647	0.40324918730700643	0.8862085342407227	0.25831830501556396	0.0	0.010719103460650956	31.3106888527637	16.02509272219463	19.740404196674106	192	256	256	3.372150947900272	13.653970621875787	13.493986289270678	23.45583729803597	51.843597613947985	94.40765702332617	88.13570831405985	118.15587030490542	1.0	1.0	1.0	30.21999324712941	5.5446788772978355	7.1015335940423965	3.739829070866108	2102402.0	0.0	18.5475306622684	7.196987099894294	2.71262380079345	164.69194827433301	451.2791557544485	438.77291882783175	12013.0	264.31494649499655	649.5375560864807	130.1112147130592	0.08440203676115843	56.9453506317075	798.8455516916349	799.0094271674752	10107.0	701.6525795713067	896.2348753638564	58.515571828080894	0.502272982602237	39.18739260576714	1000.0848873458194	999.9999706111848	205756.0	929.0948329567909	1070.804031804204	42.63320587703956	0.17386648058891296	0.4311882555484772	0.5075715184211731	0.40587052838857895
sub-S24_ses-1_T1w	0.3424112145782781	3.7945200679637043	0.5440505517764481	40068.45031163435	3.90081	3.84169	3.83143	4.02931	0.1824213622518376	0.44663498263623763	0.3709436551119248	1.5089530944824219	0.4151533246040344	0.00023336165011869547	0.004831278952443349	37.365849434625915	16.9502901195892	23.424498170912074	192	256	256	3.517843300025446	15.69465042591647	14.02181548243415	22.85295272136053	44.77543646392887	91.17312748677797	85.85035693151484	121.60250684383765	1.0	1.0	1.0	179.4845354321883	5.3875238117062	6.306266564040947	3.633829589933157	2721891.0	0.0	18.96560375019908	12.336155408018632	26.464945877749244	88.63583695697461	391.8983254205172	368.2114722840488	14074.0	267.2606995664537	588.1502526769414	104.66594426850138	0.3434777017266639	45.38804307122347	748.2120543652156	749.7635792270303	20886.0	667.5792963095009	824.6802029646933	47.77077601060661	0.6046361887831777	40.29572604372035	996.6344524409408	1000.0000360570848	160777.0	916.9695188514888	1062.1733669862151	43.75788714689307	0.18593421578407288	0.4514714181423187	0.5052842497825623	0.4175899557236993
sub-S25_ses-1_T1w	0.4347065145788997	3.1564198881295185	0.533665013065765	8050.230532544379	3.93998	3.85708	3.91767	4.04519	0.1809408884454797	0.4224500420823689	0.39660906947215135	0.9196947813034058	0.3085865467786789	0.0	0.020465511642987776	34.86836383705826	16.3014677063958	20.707086976530142	192	256	256	3.3747223344576978	14.703328523774381	13.17190585862483	21.437666717642408	37.056969049897496	76.01063491963015	70.32960872210718	97.9212221967939	1.0	1.0	1.0	12.972718053529928	6.6909076320687895	6.802290371795143	4.512948617339134	3098740.0	0.0	22.425883129239082	7.901370423094367	0.1618009649028851	108.80445180148784	403.4498710190033	378.4628140479326	11058.0	259.03283613845707	615.7154658593237	112.14128557242226	0.07942920967521427	53.11551289457685	776.3250096978666	776.2965921610594	15380.0	690.543625433743	862.8757756352425	52.795620616462905	0.4292392949333679	44.15999037165401	999.3424150551273	1000.0694136023521	199709.0	921.0580978095531	1074.9149306714535	46.64998868368509	0.19134515523910522	0.4409303069114685	0.5239864587783813	0.3443626279047528
sub-S26_ses-1_T1w	0.34751218078046503	3.767925446870269	0.5454714575267179	10389.433673469388	3.825976666666667	3.75461	3.82208	3.90124	0.19757110812751125	0.4301694662876148	0.3722594255848739	0.9492538571357727	0.2858765602111817	0.0	0.016529501640466543	29.8229899704339	14.636432633993074	19.971198819199508	192	256	256	3.5225863423167354	14.046823261705297	13.672242846328045	23.4473189349621	39.180272419294795	85.6826198880601	80.05442879656663	115.30039408234498	1.0	1.0	1.0	13.471632051315947	5.681996070170469	5.151832699584476	3.832448109984398	3104692.0	0.0	15.329792439937592	5.494538628130505	2.7278418929334203	77.75363043391168	363.4613185420432	339.8103990852833	18255.0	249.42513602823018	553.815646265447	96.46352384661235	0.2696182089822683	49.99159700334194	740.4432105454882	743.1251357123256	16764.0	649.307478339225	823.640163987875	52.901852413361475	0.6351856215514777	39.275551783283596	999.7593185231492	1000.0000129789114	183084.0	928.6626893877983	1069.1185508221388	42.64868340649343	0.17305172979831696	0.4319729804992676	0.48967045545578003	0.37734801172190907
sub-S27_ses-1_T1w	0.43773256182504383	2.892402226921194	0.5642876293329949	17358.625538753746	3.77451	3.82156	3.76091	3.74106	0.18617913064281333	0.4193128689286861	0.3945080004285006	1.631035327911377	0.39829256534576407	0.00017538281905057833	0.018713888499428528	33.3951179004088	15.75539157096087	20.252643017704333	192	256	256	3.6372729956037935	12.027875494552601	12.718383234098575	22.490001212139326	57.28694503841572	127.70412100574657	116.7083416791581	165.133958993312	1.0	1.0	1.0	11.036671002045079	3.967397450363243	5.492405838404744	5.351937830448151	2289922.0	0.0	16.055813491344452	5.521111071969163	1.155414484875676	76.12443857884472	372.4907328231421	346.9202557951212	15870.0	260.8329022375867	569.0997427554801	95.3762134372257	0.33204380495580166	59.369268989364244	775.726974139368	773.3550164997578	12330.0	673.670395891741	888.7824578063562	64.2942850138282	0.7918280851234698	39.85109046123793	999.9361588150035	1000.0239191669971	195094.0	924.8339711651206	1072.2034021392465	44.465153505438835	0.17613790929317474	0.42946797609329224	0.5018562078475952	0.4562847487190668
sub-S28_ses-1_T1w	0.415528300143564	3.23924711856633	0.5748127383768986	15810.894470868016	3.8985833333333333	3.88913	3.79369	4.01293	0.1785744209252756	0.4262885287053574	0.395137050369367	1.351628065109253	0.4065120816230774	0.0	0.00689926457264678	31.293738826486923	14.39314752714505	18.525097944463305	192	256	256	3.4446593276090924	14.563478971569458	13.222832506693415	21.660359220901697	62.678785557467904	110.78305831908845	105.67601088356851	143.56618877414917	1.0	1.0	1.0	7.34472509974862	4.563547666391217	5.563794502428727	3.078066125512123	2252562.0	0.0	15.496470838785172	5.545529345167826	17.629015920481805	132.65760975061363	456.0999305504814	436.607758872211	11777.0	287.52321818619964	648.2088839694858	126.74380265133104	0.23017037437311538	52.00870702559645	771.1164618724138	771.6924057081342	17791.0	684.8166428208351	857.5863716416061	52.986701816999876	0.5272277717610976	42.88161169281402	998.0114975948551	1000.0530701577663	205477.0	917.4759858250618	1069.8933291435242	46.1696238028348	0.15782713890075684	0.4428460896015167	0.5009198784828186	0.40319626111852774
sub-S29_ses-1_T1w	0.48113927141846347	2.6065063308698835	0.611351538627072	7367.028427528395	3.94554	3.85083	4.07116	3.91463	0.17555890035724603	0.4096087894348182	0.41483231020793576	1.1054291725158691	0.3587949514389036	0.0	0.011109979007009803	22.351011282691207	10.468428477620792	12.545392450267837	192	256	256	2.69785141784454	11.027339921774484	12.785234584206057	24.630512412999142	52.98022058668188	109.9373861181794	100.9448177595637	139.91684657382984	1.0	1.0	1.0	5.8476401782008125	4.682326649342907	5.853542654441481	3.158181332051754	2228330.0	0.0	15.79090666025877	5.6864651930278205	23.286823999732107	109.7117571802933	407.83186743145376	378.65505143254995	21791.0	255.26817387342453	623.4685560688376	140.35108104640435	0.367241652070982	64.90673493227065	793.2999117061337	785.7337348535657	32229.0	687.6558690726756	926.8173181526363	71.25213791148113	0.8601712191085635	38.18518112308957	1001.6297341958771	1000.0000028125942	333337.0	938.5788210444152	1069.86115193367	40.59998777370948	0.18150755763053894	0.4235807955265045	0.49897801876068115	0.37497958183600133
sub-S30_ses-1_T1w	0.37963265041726113	3.5356437881772242	0.5914388247931512	12909.122778392866	3.833183333333333	3.82458	3.78552	3.88945	0.172258899658813	0.4295772744794771	0.39816382586170995	1.467200756072998	0.4152634859085085	0.0	0.007143637757452205	35.74055658902767	15.721691281110655	20.111796935827396	192	256	256	3.271154611158126	14.968286207409458	13.046140850712895	20.898981733571105	44.40252335693149	95.19895651571304	88.67337457483711	126.41864385186678	1.0	1.0	1.0	22.57509541678491	5.182276699148103	6.179644299140682	3.4953925162553787	2242098.0	0.0	18.05952800065279	7.628946326660276	0.18638636502539363	99.09141203522584	379.4993059565395	351.233987390995	12611.0	247.1666192933917	585.3193649947643	107.36883552296811	0.14662011362248872	49.38866732975995	753.3172125543365	753.045245282352	17925.0	671.2742445990443	836.9240735739469	50.307979758594776	0.5670574354942559	44.36342931846482	1000.9185796502182	1000.0000226050615	190570.0	923.1013872474432	1080.2881294935942	47.84909674749318	0.17575088143348694	0.43217772245407104	0.4955984950065613	0.3935389745727386
sub-S31_ses-1_T1w	0.35374692236731925	3.6842285982328136	0.5461198882554815	12743.901234567902	3.8459633333333336	3.78752	3.95913	3.79124	0.18999365722250974	0.42977776142747576	0.3802285813500145	0.8661830425262451	0.22059199213981628	0.0	0.014654796017700457	31.244620679485227	15.187872861831048	20.40034188536075	192	256	256	3.5037690644984547	14.097541696054268	14.744580817322841	26.632431691415803	49.523846750614624	99.49617153812389	93.44391646179584	131.31173109664897	1.0	1.0	1.0	5.8959262458519035	4.989168766191584	5.414865473555106	3.365143194794655	2975961.0	0.0	13.7117028683424	5.138111418426964	1.1708783238841338	108.49580436330056	396.4667737867077	377.1471679061651	17193.0	257.96082758903503	598.6137709379195	107.63728794907321	0.2960743216035362	50.859735332967944	758.2510630205824	757.7097050249577	20378.0	670.0150778889656	849.4224135875702	53.746328953446366	0.761683135515208	34.84971615787554	999.0399679538237	1000.0000150501728	198887.0	935.5751019760967	1058.1115176826715	37.548110989014155	0.17808684706687927	0.4410429894924164	0.5072916746139526	0.4501469590775492
sub-S32_ses-1_T1w	0.4350478869208195	2.7270320268480943	0.5162393225961578	10475.212350780532	3.8320833333333333	3.7778	3.8844	3.83405	0.17216495413164581	0.43267271383050565	0.39516233203784856	1.3716602325439453	0.35669488906860325	0.0	0.019746987091115376	31.255591845308953	13.953551120400961	18.223253854407204	192	256	256	2.6921934566715344	10.779324734766371	12.915053151057256	25.27364126173386	45.614353382203596	93.70592836302973	86.71837806997821	120.83485246470137	1.0	1.0	1.0	5.175008358015054	5.4217499738746735	6.442480345631204	3.71232258528471	3603825.0	0.0	18.339981727302074	6.08188216084303	4.825518933201078	151.64470381473708	411.20488745522897	377.49333990365267	15391.0	246.8971558213234	630.8178004994988	140.21320619615696	0.7233671686084788	62.18582924580497	784.0168706618865	775.4875657260418	24168.0	680.9618593007326	925.5124948013572	71.94064015659598	0.9595551142210774	35.48781801081604	999.8161199359098	999.9999704360962	229680.0	934.6741744950414	1063.8851635828614	39.56682708027627	0.17024092376232147	0.43927350640296936	0.5054004192352295	0.4516742579708694
